Location;State;Date_added;Vessel_type;Item_category;Item_full_name;Conversion;Comment
Cage1OT;FALSE;30-08-2023;carboard box;Tecan DiTi 200 MCA;Tecan Tips 200uL MCA without filter. ref: 30038616;;
Cage1OT;FALSE;30-08-2023;carboard box;Tecan DiTi 200 MCA;Tecan Tips 200uL MCA without filter. ref: 30038616;;
Cage1OT;FALSE;30-08-2023;carboard box;96DWP;Deep Well Plate 2.2ML PP Unsteril 701354;;actually on the right side of cage 1
Cage1OT;FALSE;30-08-2023;carboard box;96DWP;Deep Well Plate 2.2ML PP Unsteril 701354;;actually on the right side of cage 1
Cage1OT;FALSE;30-08-2023;carboard box;96DWP;Deep Well Plate 2.2ML PP Unsteril 701354;;actually on the right side of cage 1
Cage1OT;FALSE;30-08-2023;carboard box;96DWP;Deep Well Plate 2.2ML PP Unsteril 701354;;actually on the right side of cage 1
Cage1OT;FALSE;30-08-2023;carboard box;96DWP;Deep Well Plate 2.2ML PP Unsteril 701354;;actually on the right side of cage 1
Cage1OT;FALSE;30-08-2023;carboard box;96DWP;Deep Well Plate 2.2ML PP Unsteril 701354;;actually on the right side of cage 1
Cage1OT;FALSE;30-08-2023;carboard box;96DWP;Deep Well Plate 2.2ML PP Unsteril 701354;;actually on the right side of cage 1
Cage1OT;FALSE;30-08-2023;carboard box;96DWP;Deep Well Plate 2.2ML PP Unsteril 701354;;actually on the right side of cage 1
Cage1OT;FALSE;30-08-2023;carboard box;96DWP;Deep Well Plate 2.2ML PP Unsteril 701354;;actually on the right side of cage 1
Cage1OT;FALSE;30-08-2023;carboard box;96DWP;Deep Well Plate 2.2ML PP Unsteril 701354;;actually on the right side of cage 1
Cage1OT;FALSE;30-08-2023;carboard box;96DWP;Deep Well Plate 2.2ML PP Unsteril 701354;;actually on the right side of cage 1
Cage1OT;FALSE;30-08-2023;carboard box;96DWP;Deep Well Plate 2.2ML PP Unsteril 701354;;actually on the right side of cage 1
Cage1OT;FALSE;30-08-2023;carboard box;96DWP;Deep Well Plate 2.2ML PP Unsteril 701354;;actually on the right side of cage 1
Cage1OT;FALSE;30-08-2023;carboard box;96DWP;Deep Well Plate 2.2ML PP Unsteril 701354;;actually on the right side of cage 1
Cage1OT;FALSE;30-08-2023;carboard box;96DWP;Deep Well Plate 2.2ML PP Unsteril 701354;;actually on the right side of cage 1
Cage1OT;FALSE;30-08-2023;carboard box;1000uL OT tips;1000uL OT tips 4800 tips in total;;actually on the right side of cage 1
Cage1OT;FALSE;30-08-2023;carboard box;1000uL OT tips;1000uL OT tips 4800 tips in total;;actually on the right side of cage 1
Cage1S1;FALSE;30-08-2023;Paper Box;Tecan DiTi 50 MCA;Tecan Tips MCA96 50uL with filter 30038606;;Next time without fileter
Cage1S1;FALSE;30-08-2023;Paper Box;Tecan DiTi 50 MCA;Tecan Tips MCA96 50uL with filter 30038607;;Next time without fileter
Cage1S1;FALSE;30-08-2023;Paper Box;Tecan DiTi 50 MCA;Tecan Tips MCA96 50uL with filter 30038608;;Next time without fileter
Cage1S2;FALSE;30-08-2023;White box ;OT 200uL pipet filter;OT 200 filter tip  96 tip boxes in box;;
Cage1S2;FALSE;30-08-2023;White box ;OT 200uL pipet filter;OT 200 filter tip  96 tip boxes in box;;
Cage1S2;FALSE;30-08-2023;White box ;OT 200uL pipet filter;OT 200 filter tip  96 tip boxes in box;;
Cage1S2;FALSE;30-08-2023;White box ;OT 200uL pipet filter;OT 200 filter tip  96 tip boxes in box;;
Cage1S2;FALSE;30-08-2023;White box ;OT 200uL pipet filter;OT 200 filter tip  96 tip boxes in box;;
Cage1S2;FALSE;30-08-2023;White box ;OT 200uL pipet filter;OT 200 filter tip  96 tip boxes in box;;
Cage1S2;FALSE;30-08-2023;White box ;OT 200uL pipet filter;OT 200 filter tip  96 tip boxes in box;;
Cage1S2;FALSE;30-08-2023;White box ;OT 200uL pipet filter;OT 200 filter tip  96 tip boxes in box;;
Cage1S2;FALSE;30-08-2023;White box ;OT 200uL pipet filter;OT 200 filter tip  96 tip boxes in box;;
Cage1S2;TRUE;30-08-2023;White box ;OT 200uL pipet filter;OT 200 filter tip  96 tip boxes in box;;
Cage1S2;FALSE;30-08-2023;White box ;OT 20uL pipet filter;OT 20 filter tip rack;;
Cage1S2;FALSE;30-08-2023;White box ;OT 20uL pipet filter;OT 20 filter tip rack;;
Cage1S2;FALSE;30-08-2023;White box ;OT 20uL pipet filter;OT 20 filter tip rack;;
Cage1S2;FALSE;30-08-2023;Plastic bag with tower;Nested OT 20uL tips;Nested OT 20uL tips;;
Cage1S2;FALSE;30-08-2023;Plastic bag with tower;Nested OT 20uL tips;Nested OT 20uL tips;;
Cage1S2;FALSE;30-08-2023;White box ;OT 300uL with 10 pipette boxes;OT 300 filter tip 96 tip boxes in box;;
Cage1S2;FALSE;31-08-2023;White box ;OT 300uL with 10 pipette boxes;OT 300 filter tip 96 tip boxes in box;;
Cage1S2;FALSE;01-09-2023;White box ;OT 300uL with 10 pipette boxes;OT 300 filter tip 96 tip boxes in box;;
Cage1S2;FALSE;02-09-2023;White box ;OT 300uL with 10 pipette boxes;OT 300 filter tip 96 tip boxes in box;;
Cage1S2;FALSE;03-09-2023;White box ;OT 300uL with 10 pipette boxes;OT 300 filter tip 96 tip boxes in box;;
Cage1S2;FALSE;04-09-2023;White box ;OT 300uL with 10 pipette boxes;OT 300 filter tip 96 tip boxes in box;;
Cage1S2;FALSE;05-09-2023;White box ;OT 300uL with 10 pipette boxes;OT 300 filter tip 96 tip boxes in box;;
Cage1S2;FALSE;06-09-2023;White box ;OT 300uL with 10 pipette boxes;OT 300 filter tip 96 tip boxes in box;;
Cage1S2;FALSE;07-09-2023;White box ;OT 300uL with 10 pipette boxes;OT 300 filter tip 96 tip boxes in box;;
Cage1S2;FALSE;08-09-2023;White box ;OT 300uL with 10 pipette boxes;OT 300 filter tip 96 tip boxes in box;;
Cage1S2;FALSE;09-09-2023;White box ;OT 300uL with 10 pipette boxes;OT 300 filter tip 96 tip boxes in box;;
Cage1S2;FALSE;10-09-2023;White box ;OT 300uL with 10 pipette boxes;OT 300 filter tip 96 tip boxes in box;;
Cage1S2;FALSE;11-09-2023;White box ;OT 300uL with 10 pipette boxes;OT 300 filter tip 96 tip boxes in box;;
Cage1S2;FALSE;12-09-2023;White box ;OT 300uL with 10 pipette boxes;OT 300 filter tip 96 tip boxes in box;;
Cage1S2;FALSE;13-09-2023;White box ;OT 300uL with 10 pipette boxes;OT 300 filter tip 96 tip boxes in box;;